{
  "stage": "nlink_3_robust",
  "n_poles": 3,
  "mode": "recon_fast_bandit",
  "train_episodes_budget": 5000,
  "gain_trials": 30,
  "trial_train_episodes": 166,
  "eval_episodes": 100,
  "best_score": 673.5,
  "best_trial": {
    "trial": 1,
    "score": 673.5,
    "train_steps": {
      "mean": 393.4698795180723,
      "median": 411.5,
      "p10": 224.0,
      "p90": 500.0,
      "max": 500.0
    },
    "eval_steps": {
      "mean": 499.0,
      "median": 500.0,
      "p10": 500.0,
      "p90": 500.0,
      "max": 500.0
    },
    "gains": {
      "angle_gain": 18.455673688524463,
      "velocity_gain": 4.307757804880502,
      "cart_position_gain": 0.5335136426077935,
      "cart_velocity_gain": 0.2755292452234538,
      "worst_velocity_mix": 0.2779742469861586,
      "base_velocity_mix": 0.3684577499128183,
      "outer_link_weight": 0.22523863205871322,
      "center_confidence": 0.3548496308946019,
      "chain_confidence": 0.6674602480544694,
      "recover_confidence": 0.8171026837215034
    }
  },
  "passed": true,
  "bandit": {
    "select_control_regime": {
      "avoid_rail": {
        "pulls": 1434,
        "mean_reward": -0.1155,
        "last_reward": -2.2037
      },
      "damp_energy": {
        "pulls": 12839,
        "mean_reward": -0.0019,
        "last_reward": -0.025
      },
      "recover_worst_pole": {
        "pulls": 12843,
        "mean_reward": -0.0019,
        "last_reward": -0.0289
      },
      "recover_base_pole": {
        "pulls": 12784,
        "mean_reward": -0.002,
        "last_reward": -0.0346
      },
      "stabilize_chain": {
        "pulls": 12886,
        "mean_reward": -0.0018,
        "last_reward": -0.0312
      },
      "center_cart": {
        "pulls": 12530,
        "mean_reward": -0.0025,
        "last_reward": -0.1646
      }
    }
  },
  "trace_steps": 500,
  "trace_return": 500.0,
  "best_gains": {
    "angle_gain": 18.455673688524463,
    "velocity_gain": 4.307757804880502,
    "cart_position_gain": 0.5335136426077935,
    "cart_velocity_gain": 0.2755292452234538,
    "worst_velocity_mix": 0.2779742469861586,
    "base_velocity_mix": 0.3684577499128183,
    "outer_link_weight": 0.22523863205871322,
    "center_confidence": 0.3548496308946019,
    "chain_confidence": 0.6674602480544694,
    "recover_confidence": 0.8171026837215034
  },
  "trials": [
    {
      "trial": 0,
      "score": 518.26,
      "train_steps": {
        "mean": 376.7831325301205,
        "median": 377.5,
        "p10": 193.0,
        "p90": 500.0,
        "max": 500.0
      },
      "eval_steps": {
        "mean": 448.06,
        "median": 500.0,
        "p10": 108.80000000000001,
        "p90": 500.0,
        "max": 500.0
      },
      "gains": {
        "angle_gain": 17.189750516135053,
        "velocity_gain": 4.166426604187394,
        "cart_position_gain": 0.720089778695599,
        "cart_velocity_gain": 0.2362164632600696,
        "worst_velocity_mix": 0.25375752888487496,
        "base_velocity_mix": 0.3368166792809546,
        "outer_link_weight": 0.30539500786711565,
        "center_confidence": 0.48570137771688016,
        "chain_confidence": 0.7833742859892516,
        "recover_confidence": 0.888948088316412
      }
    },
    {
      "trial": 1,
      "score": 673.5,
      "train_steps": {
        "mean": 393.4698795180723,
        "median": 411.5,
        "p10": 224.0,
        "p90": 500.0,
        "max": 500.0
      },
      "eval_steps": {
        "mean": 499.0,
        "median": 500.0,
        "p10": 500.0,
        "p90": 500.0,
        "max": 500.0
      },
      "gains": {
        "angle_gain": 18.455673688524463,
        "velocity_gain": 4.307757804880502,
        "cart_position_gain": 0.5335136426077935,
        "cart_velocity_gain": 0.2755292452234538,
        "worst_velocity_mix": 0.2779742469861586,
        "base_velocity_mix": 0.3684577499128183,
        "outer_link_weight": 0.22523863205871322,
        "center_confidence": 0.3548496308946019,
        "chain_confidence": 0.6674602480544694,
        "recover_confidence": 0.8171026837215034
      }
    }
  ],
  "report_dir": "reports/curriculum_n3_solved/02_nlink_3_robust"
}