{
  "stage": "smoke_n3",
  "n_poles": 3,
  "mode": "recon_fast_bandit",
  "train_episodes_budget": 12,
  "gain_trials": 3,
  "trial_train_episodes": 4,
  "eval_episodes": 4,
  "best_score": 65.775,
  "best_trial": {
    "trial": 2,
    "score": 65.775,
    "train_steps": {
      "mean": 53.5,
      "median": 46.5,
      "p10": 46.0,
      "p90": 66.60000000000001,
      "max": 75.0
    },
    "eval_steps": {
      "mean": 54.0,
      "median": 54.5,
      "p10": 47.1,
      "p90": 60.5,
      "max": 62.0
    },
    "gains": {
      "angle_gain": 18.455673688524463,
      "velocity_gain": 4.307757804880502,
      "cart_position_gain": 0.5335136426077935,
      "cart_velocity_gain": 0.2755292452234538,
      "worst_velocity_mix": 0.2779742469861586,
      "base_velocity_mix": 0.3684577499128183,
      "outer_link_weight": 0.22523863205871322,
      "center_confidence": 0.3548496308946019,
      "chain_confidence": 0.6674602480544694,
      "recover_confidence": 0.8171026837215034
    }
  },
  "passed": true,
  "bandit": {
    "select_control_regime": {
      "avoid_rail": {
        "pulls": 32,
        "mean_reward": -0.0841,
        "last_reward": -0.0551
      },
      "damp_energy": {
        "pulls": 38,
        "mean_reward": -0.0179,
        "last_reward": -0.0646
      },
      "recover_worst_pole": {
        "pulls": 40,
        "mean_reward": -0.0032,
        "last_reward": -0.0224
      },
      "recover_base_pole": {
        "pulls": 39,
        "mean_reward": -0.0126,
        "last_reward": -0.0319
      },
      "stabilize_chain": {
        "pulls": 26,
        "mean_reward": -0.1685,
        "last_reward": -0.0384
      },
      "center_cart": {
        "pulls": 39,
        "mean_reward": -0.0672,
        "last_reward": -2.0624
      }
    }
  },
  "trace_steps": 57,
  "trace_return": 56.0,
  "best_gains": {
    "angle_gain": 18.455673688524463,
    "velocity_gain": 4.307757804880502,
    "cart_position_gain": 0.5335136426077935,
    "cart_velocity_gain": 0.2755292452234538,
    "worst_velocity_mix": 0.2779742469861586,
    "base_velocity_mix": 0.3684577499128183,
    "outer_link_weight": 0.22523863205871322,
    "center_confidence": 0.3548496308946019,
    "chain_confidence": 0.6674602480544694,
    "recover_confidence": 0.8171026837215034
  },
  "trials": [
    {
      "trial": 0,
      "score": 58.15,
      "train_steps": {
        "mean": 58.5,
        "median": 58.0,
        "p10": 53.5,
        "p90": 63.9,
        "max": 66.0
      },
      "eval_steps": {
        "mean": 47.25,
        "median": 46.0,
        "p10": 43.6,
        "p90": 51.9,
        "max": 54.0
      },
      "gains": {
        "angle_gain": 18.0,
        "velocity_gain": 3.8,
        "cart_position_gain": 0.75,
        "cart_velocity_gain": 0.25,
        "worst_velocity_mix": 0.3,
        "base_velocity_mix": 0.35,
        "outer_link_weight": 0.25,
        "center_confidence": 0.45,
        "chain_confidence": 0.65,
        "recover_confidence": 0.85
      }
    },
    {
      "trial": 1,
      "score": 65.0,
      "train_steps": {
        "mean": 46.75,
        "median": 45.5,
        "p10": 43.6,
        "p90": 50.9,
        "max": 53.0
      },
      "eval_steps": {
        "mean": 53.5,
        "median": 46.5,
        "p10": 46.0,
        "p90": 66.60000000000001,
        "max": 75.0
      },
      "gains": {
        "angle_gain": 17.189750516135053,
        "velocity_gain": 4.166426604187394,
        "cart_position_gain": 0.720089778695599,
        "cart_velocity_gain": 0.2362164632600696,
        "worst_velocity_mix": 0.25375752888487496,
        "base_velocity_mix": 0.3368166792809546,
        "outer_link_weight": 0.30539500786711565,
        "center_confidence": 0.48570137771688016,
        "chain_confidence": 0.7833742859892516,
        "recover_confidence": 0.888948088316412
      }
    },
    {
      "trial": 2,
      "score": 65.775,
      "train_steps": {
        "mean": 53.5,
        "median": 46.5,
        "p10": 46.0,
        "p90": 66.60000000000001,
        "max": 75.0
      },
      "eval_steps": {
        "mean": 54.0,
        "median": 54.5,
        "p10": 47.1,
        "p90": 60.5,
        "max": 62.0
      },
      "gains": {
        "angle_gain": 18.455673688524463,
        "velocity_gain": 4.307757804880502,
        "cart_position_gain": 0.5335136426077935,
        "cart_velocity_gain": 0.2755292452234538,
        "worst_velocity_mix": 0.2779742469861586,
        "base_velocity_mix": 0.3684577499128183,
        "outer_link_weight": 0.22523863205871322,
        "center_confidence": 0.3548496308946019,
        "chain_confidence": 0.6674602480544694,
        "recover_confidence": 0.8171026837215034
      }
    }
  ],
  "report_dir": "reports/curriculum_smoke/00_smoke_n3"
}