{
  "changed_count": 9,
  "fail_to_success": [
    930013
  ],
  "success_to_fail": [],
  "net_success_change": 1,
  "changed": [
    {
      "seed": 930013,
      "baseline": {
        "seed": 930013,
        "candidate": "baseline_best_frozen",
        "steps": 488,
        "return": 487.0,
        "success": false,
        "failure": "pole_1_angle",
        "final_raw_state": [
          0.13114513601541591,
          0.9424811660345813,
          -0.18720527249195174,
          -0.20984362131945034,
          -0.00956963987580517,
          -0.038613311604788425,
          -1.4601343053621427,
          -1.320017607390063,
          0.6184091856597532,
          -0.008543626973940307
        ]
      },
      "candidate": {
        "seed": 930013,
        "candidate": "recon_feedforward_terminal_finetuned",
        "steps": 500,
        "return": 500.0,
        "success": true,
        "failure": "success",
        "final_raw_state": [
          0.11734089264029797,
          0.7454969530544334,
          -0.17913387424744665,
          -0.19329801489711906,
          -0.0078100154710263325,
          -0.0386255108696254,
          -1.2455625882001184,
          -1.1474480889978589,
          0.6332519319777754,
          -0.011968818647374318
        ]
      },
      "delta_steps": 12
    },
    {
      "seed": 930020,
      "baseline": {
        "seed": 930020,
        "candidate": "baseline_best_frozen",
        "steps": 460,
        "return": 459.0,
        "success": false,
        "failure": "pole_2_angle",
        "final_raw_state": [
          0.033662331084908126,
          0.505679477254994,
          -0.19273088669532568,
          -0.09893992536102925,
          0.20948573867247156,
          0.03691916070261003,
          -1.7161366847412778,
          -0.5564320091846542,
          1.6549950565241767,
          -0.22127507188182505
        ]
      },
      "candidate": {
        "seed": 930020,
        "candidate": "recon_feedforward_terminal_finetuned",
        "steps": 456,
        "return": 455.0,
        "success": false,
        "failure": "pole_2_angle",
        "final_raw_state": [
          0.018286472001946344,
          0.04652685741063917,
          -0.16126854671117696,
          -0.09899942763331415,
          0.20962813804895308,
          0.03645839239743509,
          -0.8035338915529243,
          -0.6079717034604243,
          1.7737237255349334,
          -0.2536881476844691
        ]
      },
      "delta_steps": -4
    },
    {
      "seed": 930058,
      "baseline": {
        "seed": 930058,
        "candidate": "baseline_best_frozen",
        "steps": 490,
        "return": 489.0,
        "success": false,
        "failure": "pole_2_angle",
        "final_raw_state": [
          0.18443071079205509,
          1.0700061896501774,
          -0.18264949092837401,
          -0.20136980509393476,
          0.21007794960508086,
          -0.13846378917931457,
          -1.7040121615527501,
          -1.5451712673523867,
          1.809093835456399,
          -0.8432639786511636
        ]
      },
      "candidate": {
        "seed": 930058,
        "candidate": "recon_feedforward_terminal_finetuned",
        "steps": 491,
        "return": 490.0,
        "success": false,
        "failure": "pole_2_angle",
        "final_raw_state": [
          0.18708995537091394,
          1.176892242409962,
          -0.1877514429280418,
          -0.20173435213036184,
          0.21025794726696168,
          -0.1385854551603405,
          -1.9197401406018915,
          -1.5232231260832942,
          1.7706228667570654,
          -0.827241453917579
        ]
      },
      "delta_steps": 1
    },
    {
      "seed": 930066,
      "baseline": {
        "seed": 930066,
        "candidate": "baseline_best_frozen",
        "steps": 490,
        "return": 489.0,
        "success": false,
        "failure": "pole_0_angle",
        "final_raw_state": [
          -0.08677134338172489,
          -0.3971777006811068,
          0.2096232750853564,
          0.05724863600562724,
          -0.20684280912703334,
          0.12624058832939422,
          1.720679524955224,
          0.0965935382475197,
          -1.7487435917756418,
          0.8709916309499032
        ]
      },
      "candidate": {
        "seed": 930066,
        "candidate": "recon_feedforward_terminal_finetuned",
        "steps": 491,
        "return": 490.0,
        "success": false,
        "failure": "pole_0_angle",
        "final_raw_state": [
          -0.0864702351281124,
          -0.3139388038172287,
          0.20957548055452424,
          0.057273998693870176,
          -0.20788621392307816,
          0.12677158662909704,
          1.57403392985024,
          0.0911492099857369,
          -1.7825984045140344,
          0.8897393988656778
        ]
      },
      "delta_steps": 1
    },
    {
      "seed": 930081,
      "baseline": {
        "seed": 930081,
        "candidate": "baseline_best_frozen",
        "steps": 463,
        "return": 462.0,
        "success": false,
        "failure": "pole_1_angle",
        "final_raw_state": [
          0.1883344155257981,
          1.1517549300792433,
          -0.17703614325647088,
          -0.20951815975299537,
          -0.03070927252038569,
          -0.06425903802326971,
          -1.628104067568801,
          -1.4076699043440664,
          0.4429953237423146,
          -0.09767353371742925
        ]
      },
      "candidate": {
        "seed": 930081,
        "candidate": "recon_feedforward_terminal_finetuned",
        "steps": 464,
        "return": 463.0,
        "success": false,
        "failure": "pole_1_angle",
        "final_raw_state": [
          0.18869968719098154,
          1.1381445227744857,
          -0.17807688443586933,
          -0.2096010005854101,
          -0.030452762698182756,
          -0.06431272465845339,
          -1.6109668485137574,
          -1.4025755234263844,
          0.4478504356517016,
          -0.09823453244128755
        ]
      },
      "delta_steps": 1
    },
    {
      "seed": 930118,
      "baseline": {
        "seed": 930118,
        "candidate": "baseline_best_frozen",
        "steps": 485,
        "return": 484.0,
        "success": false,
        "failure": "pole_2_angle",
        "final_raw_state": [
          0.06903445436220909,
          0.697942799194849,
          -0.19744766528399893,
          -0.1105015923695265,
          0.2095007856465272,
          -0.0014204227924836665,
          -1.7534272933250798,
          -0.71841285038144,
          1.6735038242623916,
          -0.395046340232759
        ]
      },
      "candidate": {
        "seed": 930118,
        "candidate": "recon_feedforward_terminal_finetuned",
        "steps": 484,
        "return": 483.0,
        "success": false,
        "failure": "pole_2_angle",
        "final_raw_state": [
          0.062404130666625326,
          0.6589568411083874,
          -0.1840139353780481,
          -0.11089324333141759,
          0.2101589424743775,
          -0.0016726183100823633,
          -1.6568748476753312,
          -0.7408614049271878,
          1.688404098139848,
          -0.39907798406250583
        ]
      },
      "delta_steps": -1
    },
    {
      "seed": 930147,
      "baseline": {
        "seed": 930147,
        "candidate": "baseline_best_frozen",
        "steps": 491,
        "return": 490.0,
        "success": false,
        "failure": "pole_2_angle",
        "final_raw_state": [
          -0.045320197274226134,
          -0.105441283165436,
          -0.09412615263307877,
          0.037280754456912035,
          0.20982856816676643,
          -0.08613300795186474,
          -0.9141118390152713,
          0.4402793971155287,
          1.5514439031468399,
          -0.8860014563465489
        ]
      },
      "candidate": {
        "seed": 930147,
        "candidate": "recon_feedforward_terminal_finetuned",
        "steps": 493,
        "return": 492.0,
        "success": false,